iteration	CHR	BP	position	V.df1	z.df1	r.df1	lABF.df1	V.df2	z.df2	r.df2	lABF.df2	internal.sum.lABF	SNP.PP.H4	SNP	A1	A2	FREQ	PROBE	PROBE_CHR	PROBE_BP	GENE	ORIENTATION	B	SE	P	id	rank	TISSUE	NDD
1	7	100334426	100334426	7.921e-05	-8.70786516853933	0.998023663640077	34.7252729156038	0.012067681609	-4.29441162280502	0.650896992586912	5.47571766612431	40.2009905817281	0.998475996173249	7:100334426:rs7384878:C_T	C	T	0.333333	ENSG00000121716.20	7	100352176	ENSG00000121716.20	N	-0.471754	0.109853	1.75166e-05	7_100334426_ENSG00000121716.20	1	Hippocampus-EUR	AD_Bellenguez
1	17	44352876	44352876	8.464e-05	-7.02173913043478	0.997888468001709	21.5201850902448	0.011999668849	5.39280465205445	0.652180173046855	8.95542808808653	30.4756131783314	1	17:44352876:rs5848:C_T	C	T	0.696429	ENSG00000030582.18	17	44345262	ENSG00000030582.18	N	0.590744	0.109543	6.9368e-08	17_44352876_ENSG00000030582.18	1	Hippocampus-EUR	AD_Bellenguez
