iteration	CHR	BP	position	V.df1	z.df1	r.df1	lABF.df1	V.df2	z.df2	r.df2	lABF.df2	internal.sum.lABF	SNP.PP.H4	SNP	A1	A2	FREQ	PROBE	PROBE_CHR	PROBE_BP	GENE	ORIENTATION	B	SE	P	id	rank	TISSUE	NDD
1	10	80357204	80357204	7.921e-05	-6.10112359550562	0.998023663640077	15.4618160431629	0.0110376036	4.00039977155911	0.670888721458918	4.81250295782339	20.2743190009863	1	10:80357204:rs4934084:T_C	T	C	0.287805	ENSG00000133665.13	10	80344745	ENSG00000133665.13	N	0.420282	0.10506	6.32354e-05	10_80357204_ENSG00000133665.13	1	Basalganglia-EUR	AD_Bellenguez
1	15	58680796	58680796	7.744e-05	6.40909090909091	0.998067740853707	17.3740052617365	0.010364054416	4.0034085104711	0.684638593741063	4.90942913005263	22.2834343917891	1	15:58680796:rs11854073:G_A	G	A	0.683575	ENSG00000137845.15	15	58749791	ENSG00000137845.15	N	0.407563	0.101804	6.24386e-05	15_58680796_ENSG00000137845.15	1	Basalganglia-EUR	AD_Bellenguez
