iteration	CHR	BP	position	V.df1	z.df1	r.df1	lABF.df1	V.df2	z.df2	r.df2	lABF.df2	internal.sum.lABF	SNP.PP.H4	SNP	A1	A2	FREQ	PROBE	PROBE_CHR	PROBE_BP	GENE	ORIENTATION	B	SE	P	id	rank	TISSUE	NDD
1	9	27523084	27523084	0.00016384	13.34375	0.99592070877685	85.9137455646922	0.012974349025	-4.02701373951978	0.63426111030659	4.63993755550195	90.5536831201942	0.99789656122906	9:27523084:rs10967972:C_G	C	G	0.776699	ENSG00000147894.16	9	27573866	ENSG00000147894.16	N	-0.458697	0.113905	5.6493e-05	9_27523084_ENSG00000147894.16	1	Basalganglia-EUR	ALS_vanRheenen
