iteration	CHR	BP	position	V.df1	z.df1	r.df1	lABF.df1	V.df2	z.df2	r.df2	lABF.df2	internal.sum.lABF	SNP.PP.H4	SNP	A1	A2	FREQ	PROBE	PROBE_CHR	PROBE_BP	GENE	ORIENTATION	B	SE	P	id	rank	TISSUE	NDD
1	9	27551042	27551042	0.00016641	13.6356589147287	0.995856985974101	89.8372733818086	0.00649598924529	-6.3120039405591	0.775969386995645	14.7098646552923	104.547138037101	0.953305081078287	9:27551042:rs2453565:C_T	C	T	0.784856	ENSG00000147894.16	9	27573866	ENSG00000147894.16	N	-0.508733	0.0805977	2.75452e-10	9_27551042_ENSG00000147894.16	1	Cerebellum-EUR	ALS_vanRheenen
