iteration	CHR	BP	position	V.df1	z.df1	r.df1	lABF.df1	V.df2	z.df2	r.df2	lABF.df2	internal.sum.lABF	SNP.PP.H4	SNP	A1	A2	FREQ	PROBE	PROBE_CHR	PROBE_BP	GENE	ORIENTATION	B	SE	P	id	rank	TISSUE	NDD
1	17	44192923	44192923	0.00155236	5.58121827411168	0.962640870458381	13.3495413346103	0.00468714129129	-4.84040214598606	0.82759712611669	8.81612988411604	22.1656712187264	1	17:44192923:rs8079310:A_G	A	G	0.704499	ENSG00000161664.7	17	44170447	ENSG00000161664.7	N	-0.331387	0.0684627	1.29578e-06	17_44192923_ENSG00000161664.7	1	Cerebellum-EUR	PD_Nalls_no23ukbb
