iteration	CHR	BP	position	V.df1	z.df1	r.df1	lABF.df1	V.df2	z.df2	r.df2	lABF.df2	internal.sum.lABF	SNP.PP.H4	SNP	A1	A2	FREQ	PROBE	PROBE_CHR	PROBE_BP	GENE	ORIENTATION	B	SE	P	id	rank	TISSUE	NDD
1	17	44192923	44192923	0.00155236	5.58121827411168	0.962640870458381	13.3495413346103	0.012217986225	4.75621296421948	0.64807906352005	6.80810591027497	20.1576472448853	1	17:44192923:rs8079310:A_G	A	G	0.171053	ENSG00000161664.7	17	44170447	ENSG00000161664.7	N	0.525728	0.110535	1.97271e-06	17_44192923_ENSG00000161664.7	1	Cortex-AFR	PD_Nalls_no23ukbb
