iteration	CHR	BP	position	V.df1	z.df1	r.df1	lABF.df1	V.df2	z.df2	r.df2	lABF.df2	internal.sum.lABF	SNP.PP.H4	SNP	A1	A2	FREQ	PROBE	PROBE_CHR	PROBE_BP	GENE	ORIENTATION	B	SE	P	id	rank	TISSUE	NDD
1	17	44192923	44192923	0.00155236	5.58121827411168	0.962640870458381	13.3495413346103	0.00084104640064	5.0502055115721	0.963967065306166	10.6311245460253	23.9806658806356	1	17:44192923:rs8079310:A_G	A	G	0.684037	ENSG00000161664.7	17	44170447	ENSG00000161664.7	N	0.14646	0.0290008	4.41348e-07	17_44192923_ENSG00000161664.7	1	Cortex-EUR	PD_Nalls_no23ukbb
2	17	44192923	44192923	0.00155236	5.58121827411168	0.962640870458381	13.3495413346103	0.00084353650969	-4.19240661485968	0.963864236708956	6.81033447219637	20.1598758068067	1	17:44192923:rs8079310:A_G	A	G	0.684037	ENSG00000161653.11	17	44004622	ENSG00000161653.11	N	-0.121763	0.0290437	2.76019e-05	17_44192923_ENSG00000161653.11	1	Cortex-EUR	PD_Nalls_no23ukbb
