iteration	CHR	BP	position	V.df1	z.df1	r.df1	lABF.df1	V.df2	z.df2	r.df2	lABF.df2	internal.sum.lABF	SNP.PP.H4	SNP	A1	A2	FREQ	PROBE	PROBE_CHR	PROBE_BP	GENE	ORIENTATION	B	SE	P	id	rank	TISSUE	NDD
1	3	183007683	183007683	0.00049729	5.46188340807175	0.987720412896764	12.5330133242852	0.00437127256336	-4.31979744568604	0.837325435442146	6.90451662643389	19.4375299507191	1	3:183007683:rs11718171:A_G	A	G	0.681102	ENSG00000078070.13	3	183116075	ENSG00000078070.13	N	-0.285606	0.0661156	1.56171e-05	3_183007683_ENSG00000078070.13	1	Cortex-AFR	PD_Nalls_no23
1	4	912343	912343	0.00038809	-9.29441624365482	0.990390979122806	40.4555169102282	0.00828715274244	-4.72559642682169	0.73082432104817	7.5039190290644	47.9594359392926	0.999998902933766	4:912343:rs11248057:C_G	C	G	0.869094	ENSG00000145217.14	4	993440	ENSG00000145217.14	N	-0.430189	0.0910338	2.29437e-06	4_912343_ENSG00000145217.14	1	Cortex-AFR	PD_Nalls_no23
