GWAS	cM_threshold	cluster	CHR	bp_start	bp_stop	cM_start	cM_stop	nSNPs_in_cluster	extended_bp_start	extended_bp_stop
LBD_Chia	0.09	1	1	155143675	155850943	166.145864463309	166.197338282968	6	155057835	155646559
LBD_Chia	0.09	2	1	156091431	156094089	166.294034061191	166.294674510444	2	156049255	156152540
LBD_Chia	0.09	3	2	127133851	127135234	147.748624176425	147.767103205968	2	127072044	127136568
LBD_Chia	0.09	4	4	945299	945299	0.810928999576756	0.810928999576756	1	845640	990437
LBD_Chia	0.09	5	4	89822180	90083945	107.07467945761	107.194695378476	82	89704331	89946593
LBD_Chia	0.09	6	19	44820881	44926451	68.8333280183698	69.1417430624588	74	44813730	44839233
