GWAS	cM_threshold	cluster	CHR	bp_start	bp_stop	cM_start	cM_stop	nSNPs_in_cluster	extended_bp_start	extended_bp_stop
PSP_Hoglinger	0.16	1	1	179259770	179259770	196.016565393594	196.016565393594	1	178999519	179541366
PSP_Hoglinger	0.16	2	7	12038034	12038034	22.3145494248988	22.3145494248988	1	11992413	12119427
PSP_Hoglinger	0.16	3	17	42259087	43485075	68.0943312703947	68.7203183076808	28	42165398	42379189
PSP_Hoglinger	0.16	4	17	44068018	44143231	69.2734761779914	69.2952988943509	4	43941866	44259617
