SNP	CHR	BP	A1	A2	BETA	FRQ	SE	P
rs1411478	1	179259770	A	G	-0.3191	0.4568	0.0531	1.8438e-09
rs2110718	7	12038034	A	G	-1.1966	0.95975	0.1771	1.4031e-11
rs11652522	17	42259087	C	A	-0.5388	0.9051	0.0974	3.1505e-08
rs1230064	17	42665225	A	G	-0.3	0.54855	0.054	2.8472e-08
rs1230103	17	42689556	G	A	0.3217	0.6663	0.0571	1.7721e-08
rs11012	17	42717206	C	T	-1.6076	0.8787	0.1178	2.0484e-42
rs393152	17	42922909	A	G	-1.6521	0.8557	0.1102	8.9903e-51
rs535653990	17	42955679	G	A	1.4209	0.1691	0.0946	5.4576e-51
rs11079711	17	43013922	G	A	0.3517	0.7034	0.0593	3.0707e-09
rs1880753	17	43015014	G	A	0.4779	0.3995	0.0563	2.0614e-17
rs12938476	17	43016651	T	C	-0.5449	0.6479	0.0589	2.2532e-20
rs1880756	17	43030420	C	T	0.3035	0.61665	0.0548	3.1197e-08
rs12938031	17	43058251	A	G	-0.7162	0.68215	0.0634	1.3841e-29
rs173365	17	43104838	A	G	0.4506	0.3902	0.0563	1.2558e-15
rs242944	17	43126943	G	A	0.4358	0.3888	0.056	7.2054e-15
rs12185268	17	43127446	A	G	-1.6862	0.85735	0.1123	5.3525e-51
rs12373139	17	43127893	G	A	-1.6879	0.8573	0.1123	4.699e-51
rs17690703	17	43129060	C	T	-1.2273	0.8204	0.0869	2.6347e-45
rs8064870	17	43130552	T	C	-0.5517	0.59165	0.0572	5.465e-22
rs11869096	17	43148872	G	A	0.5972	0.4986	0.0564	3.6401e-26
rs1158660	17	43149060	G	A	0.371	0.64095	0.0568	6.2572e-11
rs4792891	17	43177277	T	G	-0.6203	0.72245	0.0638	2.5087e-22
rs3785880	17	43197187	T	G	0.6135	0.48985	0.057	4.7078e-27
rs4792894	17	43203014	G	A	0.4911	0.8826	0.0833	3.7053e-09
rs242557	17	43223550	G	A	0.7415	0.56135	0.058	2.2357e-37
rs1981997	17	43335235	G	A	-1.7146	0.8581	0.1136	1.6325e-51
rs8070723	17	43359533	A	G	-1.7039	0.85745	0.113	2.1331e-51
rs4792827	17	43409773	T	C	-0.3695	0.4998	0.0552	2.1811e-11
rs7225002	17	43467482	A	G	-0.3874	0.63805	0.0576	1.7426e-11
rs4792831	17	43485075	G	A	0.5293	0.78885	0.066	1.101e-15
rs169201	17	44068018	A	G	-1.5881	0.86455	0.1118	8.4705e-46
rs17692129	17	44071098	C	T	0.5568	0.62835	0.0578	5.9503e-22
rs415430	17	44136937	C	T	1.4816	0.1403	0.1068	9.755e-44
rs2074404	17	44143231	T	G	-1.0438	0.80555	0.0819	3.4153e-37
